
INSERT INTO USUARIOS (ID, USERNAME, PASSWORD, FIRSTNAME, LASTNAME, EMAIL, ENABLED, LASTPASSWORDRESETDATE) VALUES (189976, 'admin', '$2a$08$lDnHPz7eUkSi6ao14Twuau08mzhWrL4kyZGGU5xfiGALO/Vxd5DOi', 'admin', 'admin', 'admin@admin.com', 1, SYSDATE);
INSERT INTO USUARIOS (ID, USERNAME, PASSWORD, FIRSTNAME, LASTNAME, EMAIL, ENABLED, LASTPASSWORDRESETDATE) VALUES (415681, 'alumno1', '$2a$08$lDnHPz7eUkSi6ao14Twuau08mzhWrL4kyZGGU5xfiGALO/Vxd5DOi', 'admin', 'admin', 'admin@admin.com', 1, SYSDATE);
INSERT INTO USUARIOS (ID, USERNAME, PASSWORD, FIRSTNAME, LASTNAME, EMAIL, ENABLED, LASTPASSWORDRESETDATE) VALUES (379562, '418122', '$2a$08$lDnHPz7eUkSi6ao14Twuau08mzhWrL4kyZGGU5xfiGALO/Vxd5DOi', 'admin', 'admin', 'admin@admin.com', 1, SYSDATE);
INSERT INTO USUARIOS (ID, USERNAME, PASSWORD, FIRSTNAME, LASTNAME, EMAIL, ENABLED, LASTPASSWORDRESETDATE) VALUES (40733, 'docente', '$2a$08$lDnHPz7eUkSi6ao14Twuau08mzhWrL4kyZGGU5xfiGALO/Vxd5DOi', 'user', 'user', 'enabled@user.com', 1,  SYSDATE);
INSERT INTO USUARIOS (ID, USERNAME, PASSWORD, FIRSTNAME, LASTNAME, EMAIL, ENABLED, LASTPASSWORDRESETDATE) VALUES (156086, 'docencia', '$2a$08$lDnHPz7eUkSi6ao14Twuau08mzhWrL4kyZGGU5xfiGALO/Vxd5DOi', 'user', 'user', 'enabled@user.com', 1,  SYSDATE);
INSERT INTO USUARIOS (ID, USERNAME, PASSWORD, FIRSTNAME, LASTNAME, EMAIL, ENABLED, LASTPASSWORDRESETDATE) VALUES (104449, 'jefe', '$2a$08$lDnHPz7eUkSi6ao14Twuau08mzhWrL4kyZGGU5xfiGALO/Vxd5DOi', 'user', 'user', 'enabled@user.com', 1,  SYSDATE);


INSERT INTO ROLES (ID, NAME) VALUES (12, 'PCC_ADMINISTRADOR');
INSERT INTO ROLES (ID, NAME) VALUES (13, 'PCC_ALUMNO');
INSERT INTO ROLES (ID, NAME) VALUES (14, 'PCC_DOCENTE');
INSERT INTO ROLES (ID, NAME) VALUES (15, 'PCC_DOCENCIA');
INSERT INTO ROLES (ID, NAME) VALUES (16, 'PCC_JEFEDEPT');

INSERT INTO USER_ROLES (USER_ID, AUTHORITY_ID) VALUES (189976, 12);
INSERT INTO USER_ROLES (USER_ID, AUTHORITY_ID) VALUES (189976, 13);
INSERT INTO USER_ROLES (USER_ID, AUTHORITY_ID) VALUES (189976, 14);
INSERT INTO USER_ROLES (USER_ID, AUTHORITY_ID) VALUES (189976, 15);
INSERT INTO USER_ROLES (USER_ID, AUTHORITY_ID) VALUES (189976, 16);

INSERT INTO USER_ROLES (USER_ID, AUTHORITY_ID) VALUES (415681, 13);
INSERT INTO USER_ROLES (USER_ID, AUTHORITY_ID) VALUES (379562, 13);
INSERT INTO USER_ROLES (USER_ID, AUTHORITY_ID) VALUES (40733, 14);
INSERT INTO USER_ROLES (USER_ID, AUTHORITY_ID) VALUES (156086, 15);
INSERT INTO USER_ROLES (USER_ID, AUTHORITY_ID) VALUES (104449, 16);

Insert into GEN_USUARIO_SEDE (ID,SEDE) values ('189976','A');







/*SISTEMA DE EVALUACION*/
REM INSERTING into PCC_PROGRAMACION
SET DEFINE OFF;
Insert into PCC_PROGRAMACION (CODPRODUCTOACTIVIDAD,ESTADO_CURSO,FECHA_FIN,FECHA_INICIO,ID_DEPARTAMENTO,ID_FAMILIA,ID_PRODUCTO,ID_PRODUCTO_PADRE,ID_PROGRAMACION_PADRE,ID_SISTEMA_EVALUACION,INTRODUCCION,NOMBRE_ACTIVIDAD,NOM_CORTO,NOMBRE_PRODUCTO,OBJETIVO,REQUISITOS,SEDE,SUBSEDE,PORC_ASIS_APROBATORIA) values ('104729','A',to_date('29/04/17','DD/MM/RR'),to_date('08/04/17','DD/MM/RR'),'5','3014','28788','3014','104729','4101','El adecuado alineamiento de la maquinaria de las plantas industriales es primordial para reducir drásticamente  los costos de mantenimiento y al mismo tiempo para aumentar la vida efectiva de la maquinaria. El curso abarca actividades reales de alineamiento en maquinaria de planta utilizando reloj comparador, alineadores Láser y software de soporte para alineamiento.','AlineamientoMaqInd','Alineamiento de Maquinaria Industrial','Alineamiento de Maquinaria Industrial','Reconocer y emplear los diferentes métodos de alineamiento, aplica',null,'A','C',null);



/*INSERT DOCENTES PARA ALGUNOS PROGRAMAS*/
insert into PCC_DOCENTES_PROGRAMA (ID_DOCENTE,CODPRODUCTOACTIVIDAD) values(40733,104729);
insert into PCC_DOCENTES_PROGRAMA (ID_DOCENTE,CODPRODUCTOACTIVIDAD) values(40733,112375);
insert into PCC_DOCENTES_PROGRAMA (ID_DOCENTE,CODPRODUCTOACTIVIDAD) values(40733,112377);
insert into PCC_DOCENTES_PROGRAMA (ID_DOCENTE,CODPRODUCTOACTIVIDAD) values(40733,112379);


insert into pcc_inscripcion (ID_INSCRIPCION,CODPRODUCTOACTIVIDAD,codpersona,notafinal) values(1,104729,24,15);